build,variant,operation,samples,minimum,median,maximum,p95_nearest_rank,overhead_percent,change_from_prior_percent
o2,baseline,ntt_forward,101,96999,96999,96999,96999,0.0,-34.9358
o2,baseline,ntt_inverse,101,114452,114452,114452,114452,0.0,0.0
o2,baseline,pointwise,101,16657,16657,16657,16657,0.0,0.0
o2,baseline,keygen,101,7910186,8083359,8313558,8198727,0.0,-2.5242
o2,baseline,sign,101,11820567,25013074,82185869,64593447,0.0,-6.2813
o2,baseline,verify,101,8877948,8877948,8877948,8877948,0.0,-5.0478
o2,prior,ntt_forward,101,149082,149082,149082,149082,53.6944,0.0
o2,prior,ntt_inverse,101,114452,114452,114452,114452,0.0,0.0
o2,prior,pointwise,101,16657,16657,16657,16657,0.0,0.0
o2,prior,keygen,101,8119650,8292681,8522937,8408214,2.5895,0.0
o2,prior,sign,101,12711327,26689522,87267041,68626803,6.7023,0.0
o2,prior,verify,101,9349908,9349908,9349908,9349908,5.3161,0.0
o2,our,ntt_forward,101,155996,155996,155996,155996,60.8223,4.6377
o2,our,ntt_inverse,101,114452,114452,114452,114452,0.0,0.0
o2,our,pointwise,101,16657,16657,16657,16657,0.0,0.0
o2,our,keygen,101,8147366,8320454,8550753,8436029,2.9331,0.3349
o2,our,sign,101,12829124,26910914,87938341,69159716,7.5874,0.8295
o2,our,verify,101,9412274,9412274,9412274,9412274,6.0186,0.667
o3_lto,baseline,ntt_forward,101,80139,80139,80139,80139,0.0,-35.8513
o3_lto,baseline,ntt_inverse,101,98088,98088,98088,98088,0.0,0.0
o3_lto,baseline,pointwise,101,15629,15629,15629,15629,0.0,0.0
o3_lto,baseline,keygen,101,3262896,3310428,3373435,3342325,0.0,-5.1359
o3_lto,baseline,sign,101,6379456,15057972,52667117,41093377,0.0,-8.7369
o3_lto,baseline,verify,101,4227410,4227410,4227410,4227410,0.0,-8.792
o3_lto,prior,ntt_forward,101,124927,124927,124927,124927,55.8879,0.0
o3_lto,prior,ntt_inverse,101,98088,98088,98088,98088,0.0,0.0
o3_lto,prior,pointwise,101,15629,15629,15629,15629,0.0,0.0
o3_lto,prior,keygen,101,3442149,3489654,3552601,3521611,5.414,0.0
o3_lto,prior,sign,101,7144541,16499515,57038997,44563373,9.5733,0.0
o3_lto,prior,verify,101,4634912,4634912,4634912,4634912,9.6395,0.0
o3_lto,our,ntt_forward,101,131576,131576,131576,131576,64.1847,5.3223
o3_lto,our,ntt_inverse,101,98088,98088,98088,98088,0.0,0.0
o3_lto,our,pointwise,101,15629,15629,15629,15629,0.0,0.0
o3_lto,our,keygen,101,3468821,3516374,3579371,3548404,6.2211,0.7657
o3_lto,our,sign,101,7258005,16712795,57685314,45076407,10.9897,1.2926
o3_lto,our,verify,101,4694952,4694952,4694952,4694952,11.0598,1.2954
